USER_ID,AGE,GENDER
1,31,M
2,58,F
3,43,M
4,38,M
5,24,M
6,24,M
7,20,M
8,50,F
9,38,M
10,42,F
11,18,F
12,61,F
13,48,F
14,26,F
15,25,M
16,25,F
17,29,M
18,36,M
19,33,M
20,28,F
21,39,F
22,23,F
23,28,F
24,31,M
25,33,F
26,45,M
27,25,M
28,35,F
29,38,M
30,20,F
31,38,F
32,24,M
33,20,F
34,57,F
35,60,M
36,47,M
37,29,M
38,22,M
39,41,F
40,33,M
41,23,F
42,35,F
43,19,F
44,53,F
45,27,M
46,40,M
47,29,M
48,35,F
49,36,M
50,25,M
51,61,M
52,45,F
53,56,M
54,52,F
55,38,F
56,54,M
57,21,F
58,25,F
59,20,M
60,29,M
61,31,M
62,28,M
63,48,M
64,30,M
65,28,F
66,36,M
67,23,F
68,46,M
69,21,F
70,66,F
71,45,M
72,25,F
73,18,M
74,47,F
75,42,M
76,43,M
77,45,M
78,21,M
79,30,M
80,22,F
81,50,M
82,39,M
83,30,F
84,20,F
85,29,F
86,29,M
87,43,M
88,39,M
89,51,M
90,34,M
91,22,M
92,42,M
93,44,F
94,37,F
95,45,F
96,35,F
97,36,M
98,33,M
99,19,M
100,22,F
101,19,F
102,39,F
103,29,M
104,35,M
105,53,M
106,27,M
107,32,M
108,44,F
109,26,M
110,21,F
111,28,M
112,24,F
113,55,F
114,47,M
115,39,M
116,50,M
117,46,M
118,25,M
119,52,M
120,36,F
121,46,M
122,52,M
123,29,F
124,22,M
125,26,M
126,33,F
127,47,F
128,50,M
129,18,M
130,35,F
131,32,F
132,26,F
133,22,F
134,30,F
135,57,F
136,29,F
137,35,M
138,42,M
139,31,F
140,61,M
141,60,M
142,27,F
143,35,F
144,29,F
145,28,F
146,19,F
147,38,M
148,35,M
149,20,M
150,28,F
151,53,F
152,27,F
153,23,M
154,34,F
155,65,F
156,27,M
157,41,M
158,44,M
159,27,M
160,43,F
161,31,M
162,39,M
163,39,F
164,36,M
165,21,M
166,48,F
167,29,F
168,25,F
169,19,M
170,38,F
171,41,F
172,18,F
173,35,F
174,26,M
175,40,M
176,24,M
177,41,F
178,31,F
179,56,M
180,23,M
181,30,M
182,22,F
183,55,M
184,51,F
185,27,M
186,40,F
187,47,M
188,37,M
189,36,F
190,27,M
191,21,F
192,52,F
193,52,F
194,39,F
195,30,M
196,30,M
197,43,M
198,52,M
199,51,M
200,45,F
201,40,M
202,21,F
203,24,M
204,52,M
205,38,F
206,18,M
207,22,M
208,40,F
209,18,M
210,24,F
211,36,F
212,41,F
213,40,F
214,26,M
215,42,F
216,27,F
217,29,M
218,44,F
219,40,F
220,49,F
221,40,F
222,37,F
223,22,F
224,31,M
225,27,F
226,27,M
227,62,F
228,31,M
229,52,F
230,39,F
231,46,F
232,35,F
233,37,F
234,35,F
235,25,M
236,43,M
237,28,F
238,19,F
239,40,F
240,25,M
241,56,M
242,58,M
243,54,M
244,31,M
245,18,F
246,55,M
247,33,F
248,60,F
249,60,M
250,49,F
251,28,M
252,31,M
253,49,F
254,29,F
255,24,M
256,37,M
257,56,M
258,42,M
259,37,M
260,22,F
261,39,M
262,67,F
263,23,M
264,35,M
265,51,M
266,43,M
267,42,M
268,42,F
269,30,F
270,28,F
271,47,F
272,47,M
273,50,F
274,53,M
275,35,M
276,35,M
277,46,F
278,40,F
279,42,F
280,46,F
281,52,M
282,30,F
283,31,F
284,22,M
285,37,F
286,19,M
287,34,M
288,36,F
289,28,F
290,38,F
291,19,F
292,19,M
293,47,M
294,30,M
295,23,M
296,36,M
297,45,F
298,26,F
299,39,F
300,21,M
301,20,F
302,36,F
303,36,F
304,39,F
305,43,F
306,62,F
307,35,M
308,29,F
309,46,F
310,28,M
311,33,M
312,21,F
313,19,F
314,60,M
315,48,M
316,42,F
317,32,F
318,24,F
319,24,F
320,27,M
321,36,F
322,42,M
323,40,M
324,28,F
325,58,F
326,43,F
327,37,M
328,39,F
329,32,M
330,27,F
331,30,M
332,44,F
333,18,M
334,22,M
335,20,F
336,19,F
337,49,F
338,42,F
339,34,F
340,22,F
341,35,F
342,34,M
343,24,M
344,33,M
345,32,M
346,39,M
347,39,M
348,20,M
349,31,F
350,39,M
351,35,F
352,49,F
353,40,F
354,24,M
355,21,F
356,40,F
357,19,M
358,38,F
359,56,F
360,37,M
361,31,F
362,40,M
363,34,F
364,36,M
365,56,F
366,31,M
367,59,M
368,53,F
369,25,M
370,21,M
371,22,F
372,18,F
373,22,F
374,41,M
375,21,F
376,29,F
377,49,F
378,19,M
379,47,F
380,28,M
381,22,M
382,42,F
383,39,M
384,51,M
385,43,M
386,46,M
387,28,F
388,25,F
389,44,F
390,46,M
391,68,F
392,32,M
393,31,F
394,45,M
395,30,F
396,55,M
397,49,F
398,33,F
399,44,M
400,44,F
401,22,F
402,53,F
403,35,M
404,47,F
405,29,F
406,52,F
407,31,F
408,18,F
409,53,F
410,21,M
411,29,M
412,58,M
413,58,M
414,37,F
415,39,F
416,33,M
417,28,F
418,29,F
419,41,F
420,44,M
421,46,M
422,46,F
423,21,M
424,35,F
425,20,M
426,36,M
427,33,F
428,51,F
429,30,F
430,22,M
431,23,M
432,44,F
433,39,F
434,22,M
435,21,F
436,42,F
437,21,M
438,47,M
439,42,F
440,21,F
441,21,M
442,66,F
443,31,F
444,31,F
445,47,M
446,57,F
447,66,F
448,44,F
449,31,F
450,21,M
451,45,F
452,37,M
453,32,F
454,53,F
455,22,F
456,35,M
457,18,F
458,34,M
459,20,M
460,22,M
461,22,F
462,40,F
463,44,F
464,38,M
465,59,F
466,31,M
467,28,M
468,50,F
469,26,F
470,60,M
471,18,M
472,61,M
473,19,F
474,52,F
475,36,M
476,69,M
477,21,M
478,37,F
479,61,F
480,36,F
481,39,M
482,42,F
483,33,M
484,39,F
485,38,M
486,52,F
487,20,M
488,28,F
489,58,F
490,52,F
491,33,M
492,39,M
493,28,M
494,25,M
495,34,M
496,30,M
497,38,F
498,21,M
499,62,F
500,66,M
501,42,M
502,36,F
503,29,F
504,47,M
505,41,M
506,24,M
507,53,M
508,47,F
509,58,M
510,43,F
511,39,M
512,32,F
513,55,M
514,50,M
515,20,F
516,19,M
517,31,M
518,47,M
519,66,F
520,24,F
521,38,M
522,31,M
523,61,F
524,48,F
525,48,M
526,34,F
527,32,F
528,28,F
529,20,M
530,50,M
531,47,M
532,84,F
533,73,M
534,37,M
535,45,M
536,57,F
537,49,F
538,27,M
539,33,F
540,23,M
541,58,M
542,38,F
543,26,M
544,41,F
545,39,F
546,30,F
547,22,F
548,41,M
549,35,F
550,45,F
551,35,F
552,49,M
553,36,M
554,37,F
555,51,F
556,32,F
557,23,M
558,19,F
559,44,M
560,39,F
561,42,M
562,26,F
563,23,M
564,18,F
565,30,M
566,38,F
567,31,F
568,33,M
569,53,F
570,30,M
571,35,M
572,45,F
573,32,F
574,39,F
575,50,M
576,57,F
577,23,F
578,55,F
579,35,M
580,27,M
581,34,M
582,63,M
583,35,M
584,29,F
585,39,M
586,27,F
587,21,F
588,23,M
589,23,M
590,24,F
591,23,M
592,40,M
593,25,M
594,30,M
595,52,M
596,34,F
597,41,M
598,24,F
599,25,M
600,19,F
601,24,M
602,28,F
603,25,F
604,21,F
605,23,M
606,34,F
607,26,M
608,31,F
609,35,M
610,41,M
611,19,F
612,46,M
613,39,M
614,21,F
615,50,F
616,54,M
617,20,F
618,28,M
619,46,F
620,44,F
621,25,F
622,26,M
623,31,F
624,34,F
625,39,F
626,31,F
627,34,M
628,44,M
629,19,F
630,27,M
631,42,M
632,52,F
633,35,F
634,36,M
635,22,F
636,33,F
637,36,F
638,27,M
639,28,F
640,31,F
641,18,M
642,29,F
643,26,F
644,29,F
645,22,M
646,52,M
647,38,F
648,41,F
649,46,M
650,35,F
651,21,F
652,36,M
653,38,M
654,44,F
655,33,M
656,23,M
657,28,F
658,31,M
659,40,F
660,37,F
661,30,F
662,66,F
663,38,F
664,27,F
665,22,F
666,24,M
667,27,F
668,24,F
669,25,F
670,28,M
671,24,F
672,52,F
673,21,F
674,36,F
675,32,M
676,64,M
677,22,M
678,32,F
679,61,F
680,50,M
681,47,M
682,27,F
683,24,M
684,41,F
685,55,M
686,37,F
687,37,F
688,28,F
689,45,F
690,25,F
691,29,F
692,32,F
693,35,M
694,27,F
695,22,M
696,38,F
697,28,M
698,37,F
699,24,F
700,34,M
701,36,F
702,20,M
703,30,M
704,23,F
705,20,M
706,67,F
707,29,M
708,47,M
709,27,F
710,41,F
711,44,M
712,38,F
713,34,F
714,32,F
715,30,M
716,55,F
717,48,M
718,60,M
719,23,F
720,43,M
721,56,F
722,25,M
723,20,M
724,43,F
725,37,F
726,48,M
727,23,F
728,46,M
729,25,F
730,24,F
731,24,F
732,47,F
733,40,M
734,36,F
735,30,F
736,51,M
737,31,F
738,47,F
739,33,M
740,31,M
741,34,M
742,29,F
743,44,M
744,35,M
745,26,M
746,52,M
747,31,M
748,36,M
749,53,F
750,39,F
751,22,M
752,56,F
753,39,M
754,30,F
755,23,F
756,46,F
757,39,F
758,36,F
759,52,F
760,46,M
761,24,M
762,29,F
763,27,M
764,44,M
765,19,F
766,37,M
767,44,M
768,51,F
769,30,M
770,47,M
771,22,M
772,49,F
773,23,F
774,32,F
775,46,F
776,24,F
777,26,F
778,43,M
779,43,M
780,40,F
781,42,M
782,36,F
783,27,F
784,30,F
785,25,F
786,53,F
787,38,M
788,32,M
789,34,M
790,57,M
791,24,F
792,38,F
793,35,M
794,38,M
795,18,F
796,50,F
797,55,M
798,37,M
799,42,F
800,54,F
801,42,M
802,24,M
803,37,F
804,38,F
805,32,M
806,43,F
807,56,F
808,55,M
809,33,F
810,22,M
811,65,M
812,48,M
813,23,M
814,54,F
815,50,M
816,35,F
817,38,M
818,32,F
819,20,F
820,30,F
821,46,M
822,18,F
823,30,F
824,32,F
825,36,F
826,54,M
827,30,M
828,30,M
829,43,F
830,33,M
831,26,F
832,33,M
833,23,F
834,25,F
835,35,M
836,32,M
837,54,M
838,31,F
839,37,M
840,39,F
841,18,F
842,40,F
843,25,M
844,59,F
845,24,M
846,32,M
847,21,M
848,73,M
849,35,F
850,38,F
851,20,F
852,44,M
853,26,M
854,52,M
855,25,F
856,25,M
857,19,F
858,34,M
859,37,M
860,20,F
861,45,F
862,33,F
863,36,F
864,33,M
865,32,M
866,37,F
867,24,F
868,25,M
869,50,F
870,57,M
871,31,F
872,28,M
873,40,M
874,32,F
875,19,M
876,24,F
877,42,F
878,40,M
879,19,F
880,26,F
881,26,M
882,41,F
883,18,F
884,22,M
885,46,M
886,25,M
887,40,M
888,27,F
889,22,F
890,27,F
891,43,M
892,49,F
893,48,M
894,32,M
895,41,M
896,25,M
897,28,F
898,52,F
899,18,F
900,21,F
901,26,M
902,19,M
903,25,M
904,38,M
905,32,M
906,52,M
907,47,M
908,30,M
909,27,F
910,31,F
911,38,M
912,28,F
913,39,F
914,32,F
915,37,F
916,33,M
917,28,F
918,57,M
919,44,F
920,23,M
921,50,F
922,34,F
923,52,M
924,46,M
925,32,F
926,19,M
927,28,F
928,36,M
929,39,M
930,27,F
931,23,F
932,48,F
933,65,F
934,36,M
935,24,M
936,28,F
937,18,F
938,54,F
939,22,M
940,37,F
941,28,F
942,37,M
943,40,F
944,48,F
945,26,M
946,18,F
947,23,M
948,52,M
949,50,F
950,38,M
951,38,M
952,40,M
953,24,F
954,54,F
955,32,F
956,31,F
957,35,M
958,20,M
959,24,M
960,43,M
961,21,F
962,38,F
963,27,M
964,31,M
965,28,M
966,30,F
967,42,F
968,28,M
969,37,M
970,34,F
971,40,M
972,56,F
973,43,M
974,26,F
975,19,F
976,27,F
977,38,F
978,20,F
979,35,M
980,38,M
981,30,F
982,45,F
983,22,M
984,21,M
985,43,F
986,35,M
987,41,M
988,33,F
989,27,M
990,47,F
991,46,F
992,42,M
993,28,F
994,38,M
995,30,F
996,21,M
997,54,F
998,23,M
999,58,M
1000,33,M
1001,25,M
1002,36,M
1003,50,F
1004,43,F
1005,46,M
1006,40,M
1007,41,F
1008,49,M
1009,27,M
1010,34,F
1011,26,M
1012,66,F
1013,57,M
1014,19,M
1015,42,M
1016,55,F
1017,25,M
1018,37,F
1019,54,M
1020,19,F
1021,42,F
1022,28,M
1023,55,M
1024,61,F
1025,57,F
1026,34,F
1027,50,M
1028,49,F
1029,29,F
1030,48,M
1031,19,F
1032,38,F
1033,26,M
1034,23,F
1035,21,M
1036,42,M
1037,30,F
1038,43,M
1039,20,F
1040,29,M
1041,36,M
1042,46,M
1043,29,M
1044,39,F
1045,51,F
1046,39,F
1047,26,M
1048,19,M
1049,50,M
1050,18,F
1051,50,F
1052,36,F
1053,56,M
1054,46,F
1055,75,F
1056,30,M
1057,45,M
1058,32,M
1059,34,F
1060,39,F
1061,50,M
1062,65,M
1063,45,F
1064,32,M
1065,32,M
1066,43,F
1067,27,F
1068,22,F
1069,30,F
1070,28,M
1071,28,F
1072,26,M
1073,19,F
1074,18,M
1075,66,F
1076,33,F
1077,31,F
1078,41,F
1079,26,M
1080,58,F
1081,45,F
1082,21,F
1083,32,M
1084,51,M
1085,57,M
1086,34,F
1087,39,M
1088,24,M
1089,68,M
1090,26,F
1091,57,M
1092,40,F
1093,38,M
1094,35,M
1095,26,F
1096,25,M
1097,26,M
1098,25,F
1099,45,M
1100,30,M
1101,20,M
1102,61,M
1103,51,F
1104,55,F
1105,71,F
1106,24,M
1107,32,F
1108,44,F
1109,42,M
1110,24,F
1111,47,M
1112,26,M
1113,26,F
1114,36,M
1115,38,F
1116,37,F
1117,21,M
1118,51,M
1119,27,M
1120,23,F
1121,51,M
1122,58,F
1123,50,F
1124,47,F
1125,40,F
1126,36,F
1127,21,F
1128,32,F
1129,31,F
1130,27,M
1131,43,M
1132,35,F
1133,21,M
1134,26,M
1135,41,M
1136,21,F
1137,49,M
1138,35,F
1139,34,M
1140,38,F
1141,47,F
1142,30,M
1143,41,F
1144,37,M
1145,28,F
1146,51,F
1147,46,F
1148,40,F
1149,49,F
1150,50,F
1151,42,M
1152,48,M
1153,42,M
1154,41,F
1155,39,M
1156,44,F
1157,24,M
1158,51,M
1159,50,M
1160,19,F
1161,47,M
1162,23,M
1163,30,F
1164,44,M
1165,24,M
1166,47,F
1167,48,F
1168,35,F
1169,18,M
1170,28,M
1171,39,M
1172,64,F
1173,39,F
1174,27,F
1175,39,F
1176,36,F
1177,45,F
1178,22,F
1179,44,M
1180,36,F
1181,60,M
1182,30,F
1183,39,F
1184,55,M
1185,22,M
1186,56,F
1187,41,M
1188,20,F
1189,29,M
1190,42,M
1191,20,M
1192,38,F
1193,30,F
1194,39,F
1195,20,M
1196,50,F
1197,62,F
1198,61,M
1199,44,M
1200,23,F
1201,44,M
1202,19,M
1203,19,F
1204,29,M
1205,34,M
1206,45,F
1207,41,F
1208,33,F
1209,28,M
1210,74,F
1211,33,F
1212,33,M
1213,24,F
1214,46,F
1215,41,F
1216,26,M
1217,21,F
1218,41,M
1219,40,F
1220,28,F
1221,58,M
1222,24,M
1223,33,F
1224,57,M
1225,32,F
1226,39,F
1227,32,F
1228,28,F
1229,65,F
1230,32,F
1231,52,F
1232,26,F
1233,26,M
1234,19,M
1235,40,F
1236,31,M
1237,50,F
1238,34,F
1239,61,M
1240,25,F
1241,50,M
1242,45,F
1243,45,M
1244,49,M
1245,44,F
1246,39,F
1247,23,M
1248,19,F
1249,54,M
1250,39,M
1251,46,F
1252,34,M
1253,22,F
1254,23,M
1255,41,F
1256,33,M
1257,25,F
1258,35,F
1259,20,M
1260,37,M
1261,28,F
1262,46,F
1263,29,M
1264,33,M
1265,18,M
1266,21,F
1267,31,F
1268,34,M
1269,38,M
1270,28,M
1271,42,M
1272,49,M
1273,45,M
1274,19,M
1275,34,M
1276,22,F
1277,27,M
1278,66,F
1279,23,M
1280,35,M
1281,39,F
1282,42,M
1283,37,M
1284,18,F
1285,29,M
1286,35,F
1287,21,F
1288,30,M
1289,19,M
1290,21,M
1291,32,F
1292,23,M
1293,37,M
1294,41,F
1295,46,F
1296,25,M
1297,24,M
1298,22,F
1299,39,F
1300,42,F
1301,19,M
1302,56,F
1303,20,F
1304,36,F
1305,42,M
1306,50,M
1307,42,M
1308,46,F
1309,30,M
1310,47,M
1311,21,M
1312,52,F
1313,36,F
1314,47,M
1315,33,M
1316,40,F
1317,36,F
1318,43,M
1319,21,M
1320,20,F
1321,27,M
1322,24,F
1323,50,F
1324,26,M
1325,62,F
1326,30,F
1327,25,M
1328,46,F
1329,40,F
1330,35,M
1331,37,F
1332,43,F
1333,26,M
1334,73,F
1335,62,M
1336,40,F
1337,25,M
1338,41,M
1339,21,M
1340,19,F
1341,27,M
1342,34,F
1343,50,F
1344,43,M
1345,43,F
1346,32,M
1347,30,F
1348,31,M
1349,66,F
1350,19,M
1351,50,F
1352,37,F
1353,33,F
1354,43,M
1355,34,M
1356,50,M
1357,52,M
1358,32,F
1359,28,F
1360,38,M
1361,53,M
1362,26,F
1363,39,F
1364,39,F
1365,43,F
1366,23,F
1367,42,F
1368,53,F
1369,25,M
1370,27,M
1371,61,M
1372,25,M
1373,49,F
1374,35,F
1375,27,F
1376,50,M
1377,33,M
1378,35,F
1379,30,F
1380,38,M
1381,24,F
1382,31,M
1383,61,F
1384,27,F
1385,40,F
1386,29,F
1387,45,M
1388,23,F
1389,61,F
1390,33,F
1391,27,F
1392,21,M
1393,24,M
1394,35,M
1395,30,M
1396,48,M
1397,33,M
1398,27,M
1399,39,F
1400,42,M
1401,24,M
1402,24,M
1403,19,F
1404,43,F
1405,40,M
1406,34,M
1407,49,M
1408,46,M
1409,38,M
1410,50,F
1411,26,F
1412,22,M
1413,28,M
1414,20,F
1415,36,M
1416,56,F
1417,19,M
1418,23,M
1419,33,M
1420,56,F
1421,29,M
1422,35,M
1423,19,M
1424,24,M
1425,66,M
1426,60,M
1427,18,M
1428,58,F
1429,39,M
1430,50,M
1431,33,F
1432,35,F
1433,34,F
1434,40,M
1435,23,M
1436,19,F
1437,29,M
1438,42,F
1439,25,F
1440,41,M
1441,61,M
1442,22,M
1443,41,M
1444,33,M
1445,50,M
1446,25,F
1447,41,M
1448,48,M
1449,57,F
1450,41,F
1451,35,M
1452,39,M
1453,50,M
1454,37,F
1455,19,M
1456,55,M
1457,41,M
1458,41,M
1459,26,F
1460,40,M
1461,32,F
1462,40,M
1463,22,F
1464,40,M
1465,81,M
1466,20,F
1467,63,M
1468,32,M
1469,50,F
1470,45,M
1471,37,M
1472,43,F
1473,51,F
1474,32,M
1475,29,M
1476,41,M
1477,47,M
1478,44,M
1479,46,F
1480,33,F
1481,47,F
1482,23,M
1483,36,M
1484,18,F
1485,29,F
1486,31,M
1487,32,F
1488,42,M
1489,31,F
1490,33,M
1491,27,M
1492,31,F
1493,26,M
1494,21,F
1495,38,F
1496,41,F
1497,39,M
1498,34,F
1499,31,M
1500,50,F
1501,35,M
1502,34,M
1503,19,M
1504,30,F
1505,31,F
1506,32,F
1507,37,F
1508,36,F
1509,38,F
1510,44,F
1511,47,F
1512,42,M
1513,58,M
1514,18,F
1515,25,M
1516,18,M
1517,40,F
1518,52,M
1519,27,F
1520,55,M
1521,20,F
1522,56,F
1523,30,M
1524,22,M
1525,34,M
1526,27,M
1527,28,M
1528,29,F
1529,46,M
1530,36,M
1531,29,F
1532,38,F
1533,42,M
1534,28,M
1535,32,F
1536,23,M
1537,25,M
1538,41,F
1539,25,F
1540,36,F
1541,42,M
1542,22,F
1543,37,M
1544,27,F
1545,60,M
1546,34,F
1547,46,F
1548,36,M
1549,19,F
1550,39,F
1551,58,M
1552,38,M
1553,47,M
1554,51,M
1555,26,F
1556,26,M
1557,38,F
1558,32,M
1559,48,F
1560,52,F
1561,30,F
1562,27,M
1563,45,F
1564,28,M
1565,47,M
1566,32,F
1567,41,M
1568,22,M
1569,39,M
1570,33,F
1571,38,F
1572,24,F
1573,43,M
1574,50,M
1575,26,F
1576,22,F
1577,19,M
1578,40,F
1579,38,F
1580,36,M
1581,26,M
1582,31,F
1583,38,F
1584,35,F
1585,66,M
1586,23,M
1587,42,M
1588,32,F
1589,33,F
1590,42,M
1591,41,F
1592,68,M
1593,23,F
1594,22,F
1595,43,F
1596,37,M
1597,28,F
1598,21,F
1599,21,M
1600,52,F
1601,25,F
1602,29,F
1603,26,F
1604,30,M
1605,21,M
1606,35,F
1607,20,M
1608,46,M
1609,26,M
1610,36,M
1611,51,M
1612,40,F
1613,36,M
1614,29,M
1615,30,M
1616,41,F
1617,70,F
1618,40,F
1619,37,M
1620,43,F
1621,34,F
1622,20,F
1623,37,F
1624,59,F
1625,24,M
1626,41,F
1627,25,F
1628,36,M
1629,22,M
1630,33,F
1631,44,F
1632,30,M
1633,40,M
1634,46,F
1635,55,F
1636,26,F
1637,32,M
1638,24,F
1639,69,F
1640,55,F
1641,36,M
1642,48,M
1643,35,F
1644,39,F
1645,21,M
1646,44,F
1647,23,F
1648,47,F
1649,45,M
1650,42,M
1651,19,F
1652,29,F
1653,27,F
1654,30,M
1655,21,F
1656,56,M
1657,37,M
1658,29,F
1659,32,M
1660,33,M
1661,38,F
1662,35,M
1663,54,M
1664,35,M
1665,69,M
1666,49,M
1667,26,F
1668,55,M
1669,22,F
1670,47,F
1671,31,F
1672,51,M
1673,50,M
1674,46,F
1675,46,M
1676,29,F
1677,21,M
1678,32,F
1679,24,F
1680,42,M
1681,30,F
1682,62,M
1683,40,M
1684,47,F
1685,23,M
1686,50,M
1687,54,F
1688,34,M
1689,38,F
1690,44,F
1691,24,F
1692,35,M
1693,32,M
1694,23,M
1695,31,M
1696,20,F
1697,19,F
1698,23,M
1699,60,M
1700,36,F
1701,60,F
1702,33,M
1703,29,M
1704,35,M
1705,33,M
1706,22,M
1707,40,M
1708,26,M
1709,39,M
1710,40,F
1711,24,M
1712,20,F
1713,45,M
1714,34,F
1715,20,F
1716,71,F
1717,20,M
1718,42,F
1719,65,F
1720,27,M
1721,23,M
1722,23,M
1723,29,M
1724,22,F
1725,41,M
1726,20,M
1727,35,F
1728,73,F
1729,47,F
1730,39,M
1731,29,M
1732,39,M
1733,36,F
1734,33,F
1735,23,F
1736,51,M
1737,33,F
1738,25,M
1739,31,M
1740,32,F
1741,48,M
1742,43,F
1743,45,M
1744,18,F
1745,32,F
1746,34,F
1747,18,M
1748,27,M
1749,44,M
1750,23,M
1751,36,F
1752,26,F
1753,18,F
1754,27,F
1755,62,M
1756,46,F
1757,59,M
1758,34,F
1759,22,M
1760,36,M
1761,33,M
1762,49,F
1763,22,F
1764,34,F
1765,24,M
1766,29,F
1767,43,M
1768,34,M
1769,31,M
1770,32,F
1771,34,M
1772,45,F
1773,52,M
1774,58,F
1775,45,M
1776,29,M
1777,41,F
1778,33,M
1779,27,F
1780,48,M
1781,19,F
1782,52,F
1783,34,F
1784,39,F
1785,40,F
1786,52,F
1787,39,M
1788,39,F
1789,20,M
1790,35,F
1791,24,M
1792,43,M
1793,35,F
1794,41,M
1795,19,M
1796,21,F
1797,42,M
1798,21,F
1799,21,F
1800,18,M
1801,59,M
1802,43,M
1803,30,M
1804,28,F
1805,30,F
1806,45,F
1807,40,M
1808,25,M
1809,24,M
1810,22,M
1811,40,M
1812,44,F
1813,27,M
1814,18,M
1815,21,F
1816,61,M
1817,28,F
1818,45,F
1819,39,F
1820,31,F
1821,26,F
1822,23,M
1823,39,M
1824,45,F
1825,40,M
1826,36,M
1827,19,F
1828,61,M
1829,46,M
1830,28,F
1831,63,M
1832,38,M
1833,38,F
1834,44,F
1835,47,F
1836,40,F
1837,23,M
1838,30,M
1839,55,F
1840,26,M
1841,31,M
1842,33,F
1843,33,F
1844,39,M
1845,57,M
1846,27,F
1847,23,M
1848,25,F
1849,51,M
1850,40,F
1851,28,M
1852,47,M
1853,50,F
1854,49,F
1855,54,F
1856,27,F
1857,44,F
1858,34,M
1859,48,M
1860,43,F
1861,45,F
1862,40,M
1863,25,M
1864,36,F
1865,65,F
1866,56,F
1867,19,F
1868,24,M
1869,23,F
1870,43,M
1871,47,M
1872,26,F
1873,35,F
1874,48,M
1875,43,M
1876,36,M
1877,38,F
1878,35,F
1879,28,M
1880,37,F
1881,41,F
1882,50,M
1883,39,F
1884,44,F
1885,24,F
1886,34,M
1887,18,F
1888,27,M
1889,43,F
1890,69,M
1891,22,M
1892,32,F
1893,46,F
1894,25,M
1895,37,F
1896,43,F
1897,39,F
1898,25,M
1899,30,M
1900,45,M
1901,37,F
1902,18,M
1903,44,M
1904,19,M
1905,44,M
1906,25,M
1907,59,F
1908,31,F
1909,29,F
1910,24,M
1911,29,F
1912,51,M
1913,73,M
1914,31,M
1915,33,F
1916,43,M
1917,51,M
1918,38,F
1919,31,F
1920,32,M
1921,42,M
1922,18,M
1923,39,F
1924,30,F
1925,46,F
1926,21,M
1927,38,M
1928,34,F
1929,40,F
1930,20,M
1931,37,F
1932,37,M
1933,37,F
1934,38,M
1935,41,F
1936,46,M
1937,28,M
1938,47,M
1939,35,M
1940,21,F
1941,20,F
1942,30,M
1943,45,F
1944,42,M
1945,46,F
1946,35,M
1947,33,F
1948,24,M
1949,29,F
1950,33,M
1951,21,F
1952,26,M
1953,38,M
1954,43,M
1955,76,F
1956,55,F
1957,40,F
1958,32,F
1959,39,F
1960,45,M
1961,22,F
1962,32,M
1963,48,F
1964,31,M
1965,37,F
1966,38,F
1967,25,F
1968,31,M
1969,30,M
1970,19,F
1971,19,M
1972,48,M
1973,28,F
1974,35,M
1975,29,F
1976,56,F
1977,27,F
1978,33,F
1979,50,F
1980,48,F
1981,25,F
1982,46,F
1983,34,F
1984,34,F
1985,23,F
1986,21,M
1987,43,F
1988,35,F
1989,33,M
1990,43,F
1991,44,F
1992,24,M
1993,38,F
1994,23,F
1995,44,M
1996,40,M
1997,59,M
1998,21,M
1999,20,M
2000,28,F
2001,27,M
2002,27,M
2003,53,M
2004,27,M
2005,28,M
2006,44,M
2007,33,F
2008,45,F
2009,20,F
2010,34,F
2011,19,M
2012,20,F
2013,53,M
2014,23,F
2015,36,M
2016,32,F
2017,30,F
2018,52,F
2019,19,F
2020,40,F
2021,60,F
2022,37,M
2023,56,F
2024,20,M
2025,32,M
2026,27,M
2027,43,M
2028,64,M
2029,27,M
2030,40,M
2031,25,M
2032,37,M
2033,34,M
2034,61,M
2035,38,F
2036,30,F
2037,22,F
2038,24,M
2039,26,F
2040,27,M
2041,49,M
2042,37,F
2043,36,F
2044,22,F
2045,49,F
2046,43,M
2047,20,F
2048,42,M
2049,36,F
2050,21,F
2051,34,M
2052,34,F
2053,24,F
2054,57,M
2055,49,F
2056,41,M
2057,34,F
2058,32,F
2059,40,F
2060,36,M
2061,20,F
2062,35,F
2063,46,M
2064,34,M
2065,20,F
2066,45,F
2067,25,F
2068,27,M
2069,24,M
2070,30,M
2071,44,F
2072,35,F
2073,25,M
2074,51,M
2075,51,M
2076,50,M
2077,27,M
2078,33,M
2079,65,M
2080,45,M
2081,19,F
2082,20,M
2083,34,F
2084,53,M
2085,36,F
2086,35,M
2087,22,M
2088,40,M
2089,47,M
2090,31,F
2091,45,M
2092,60,M
2093,25,M
2094,36,M
2095,28,M
2096,46,F
2097,37,M
2098,39,F
2099,46,M
2100,32,M
2101,54,M
2102,36,F
2103,24,M
2104,42,M
2105,46,M
2106,29,M
2107,49,M
2108,53,F
2109,28,M
2110,65,F
2111,23,F
2112,25,F
2113,25,M
2114,52,M
2115,40,M
2116,24,F
2117,33,M
2118,39,M
2119,21,M
2120,51,F
2121,46,M
2122,35,F
2123,60,M
2124,32,F
2125,65,F
2126,41,M
2127,39,M
2128,24,M
2129,51,M
2130,33,F
2131,24,F
2132,18,M
2133,37,M
2134,36,F
2135,43,F
2136,52,M
2137,21,M
2138,43,F
2139,25,M
2140,49,M
2141,47,M
2142,36,F
2143,42,M
2144,29,M
2145,34,M
2146,47,M
2147,34,M
2148,30,F
2149,35,F
2150,48,F
2151,30,F
2152,24,F
2153,42,M
2154,47,F
2155,22,F
2156,27,M
2157,23,F
2158,30,F
2159,33,F
2160,44,M
2161,40,M
2162,39,M
2163,30,M
2164,48,F
2165,34,M
2166,63,F
2167,39,M
2168,23,F
2169,41,M
2170,29,F
2171,41,F
2172,21,F
2173,24,F
2174,49,M
2175,26,F
2176,48,M
2177,28,M
2178,40,F
2179,42,F
2180,35,M
2181,29,M
2182,26,F
2183,19,F
2184,29,F
2185,40,M
2186,56,F
2187,50,F
2188,45,M
2189,46,F
2190,40,M
2191,27,M
2192,53,M
2193,41,F
2194,37,F
2195,22,M
2196,33,F
2197,34,F
2198,50,M
2199,36,M
2200,31,M
2201,63,M
2202,22,F
2203,32,F
2204,19,F
2205,43,M
2206,54,M
2207,28,M
2208,49,M
2209,28,M
2210,53,M
2211,44,M
2212,46,F
2213,18,F
2214,60,F
2215,43,F
2216,29,F
2217,48,F
2218,28,F
2219,50,F
2220,22,F
2221,42,F
2222,36,F
2223,22,M
2224,27,F
2225,18,F
2226,34,F
2227,29,F
2228,38,M
2229,28,M
2230,29,F
2231,44,F
2232,20,F
2233,53,F
2234,49,M
2235,41,F
2236,38,F
2237,52,F
2238,25,M
2239,21,M
2240,27,F
2241,46,F
2242,19,M
2243,38,M
2244,72,F
2245,49,M
2246,36,F
2247,20,F
2248,48,F
2249,38,M
2250,22,M
2251,22,F
2252,53,F
2253,41,F
2254,48,M
2255,51,F
2256,37,M
2257,35,M
2258,33,M
2259,29,M
2260,33,M
2261,45,F
2262,38,F
2263,52,F
2264,33,M
2265,38,M
2266,39,M
2267,38,M
2268,42,M
2269,27,F
2270,35,M
2271,22,M
2272,31,F
2273,34,F
2274,40,M
2275,58,M
2276,38,F
2277,44,M
2278,35,F
2279,39,M
2280,21,M
2281,27,M
2282,31,M
2283,34,F
2284,20,M
2285,23,M
2286,28,F
2287,61,M
2288,30,F
2289,34,M
2290,25,F
2291,38,M
2292,28,F
2293,26,F
2294,35,F
2295,18,F
2296,18,M
2297,26,F
2298,19,F
2299,22,F
2300,30,M
2301,46,M
2302,37,F
2303,35,M
2304,28,M
2305,55,F
2306,32,F
2307,21,F
2308,39,F
2309,22,M
2310,30,F
2311,35,M
2312,50,M
2313,35,M
2314,42,F
2315,69,M
2316,23,F
2317,28,F
2318,32,F
2319,32,M
2320,32,M
2321,53,F
2322,42,F
2323,38,M
2324,29,M
2325,47,M
2326,58,F
2327,47,F
2328,18,M
2329,39,F
2330,20,F
2331,27,F
2332,20,M
2333,38,F
2334,41,F
2335,22,F
2336,31,F
2337,33,M
2338,31,F
2339,23,M
2340,32,F
2341,44,F
2342,21,F
2343,21,M
2344,30,M
2345,56,F
2346,41,M
2347,41,M
2348,31,F
2349,38,F
2350,18,M
2351,39,M
2352,53,F
2353,39,F
2354,50,M
2355,43,F
2356,23,F
2357,53,F
2358,20,F
2359,36,F
2360,23,F
2361,18,F
2362,32,M
2363,28,F
2364,34,F
2365,37,M
2366,19,M
2367,23,F
2368,37,F
2369,30,M
2370,43,F
2371,40,M
2372,49,M
2373,41,M
2374,33,F
2375,41,F
2376,28,M
2377,29,F
2378,46,F
2379,33,M
2380,46,F
2381,47,M
2382,49,F
2383,54,F
2384,33,M
2385,29,M
2386,38,M
2387,31,M
2388,38,F
2389,42,M
2390,41,M
2391,31,F
2392,24,M
2393,33,F
2394,23,F
2395,52,M
2396,30,F
2397,24,F
2398,19,M
2399,40,M
2400,39,F
2401,30,F
2402,21,M
2403,32,M
2404,29,F
2405,41,F
2406,38,F
2407,31,F
2408,26,M
2409,66,F
2410,33,F
2411,41,F
2412,23,F
2413,34,M
2414,19,M
2415,35,M
2416,60,M
2417,31,M
2418,19,M
2419,19,F
2420,31,F
2421,24,M
2422,19,M
2423,44,F
2424,34,F
2425,28,M
2426,52,F
2427,22,M
2428,58,F
2429,29,M
2430,51,M
2431,38,F
2432,48,F
2433,65,M
2434,28,F
2435,59,M
2436,31,M
2437,31,M
2438,30,F
2439,36,F
2440,24,F
2441,37,F
2442,36,F
2443,44,F
2444,48,F
2445,33,F
2446,29,M
2447,27,M
2448,25,M
2449,20,F
2450,30,F
2451,28,M
2452,60,M
2453,37,F
2454,30,F
2455,37,F
2456,23,M
2457,33,F
2458,39,F
2459,34,F
2460,32,M
2461,70,F
2462,51,F
2463,39,M
2464,37,M
2465,39,F
2466,25,F
2467,32,F
2468,19,F
2469,34,F
2470,36,M
2471,26,M
2472,60,M
2473,53,F
2474,43,M
2475,36,M
2476,50,M
2477,23,F
2478,46,F
2479,23,M
2480,46,F
2481,28,F
2482,51,M
2483,57,M
2484,24,F
2485,34,M
2486,64,F
2487,34,M
2488,50,M
2489,38,F
2490,31,M
2491,28,F
2492,25,F
2493,44,M
2494,31,M
2495,35,F
2496,35,F
2497,37,F
2498,50,F
2499,64,F
2500,32,M
2501,48,M
2502,44,F
2503,37,F
2504,58,F
2505,25,F
2506,22,M
2507,49,M
2508,33,M
2509,49,F
2510,52,M
2511,20,F
2512,51,F
2513,33,F
2514,35,F
2515,39,F
2516,55,M
2517,18,F
2518,34,M
2519,41,M
2520,43,F
2521,41,F
2522,23,F
2523,29,M
2524,30,M
2525,46,M
2526,28,M
2527,26,M
2528,59,M
2529,18,F
2530,75,F
2531,41,M
2532,48,F
2533,28,M
2534,18,M
2535,43,F
2536,48,M
2537,43,F
2538,23,F
2539,44,F
2540,45,F
2541,40,M
2542,45,F
2543,49,F
2544,39,F
2545,21,F
2546,34,F
2547,21,F
2548,32,M
2549,32,F
2550,20,F
2551,30,F
2552,22,M
2553,47,M
2554,57,M
2555,21,F
2556,58,F
2557,36,M
2558,29,F
2559,21,M
2560,35,M
2561,46,F
2562,42,M
2563,20,M
2564,21,F
2565,32,F
2566,28,M
2567,26,F
2568,28,M
2569,46,M
2570,55,M
2571,32,M
2572,53,F
2573,29,M
2574,34,F
2575,26,M
2576,40,F
2577,63,F
2578,38,M
2579,30,F
2580,40,M
2581,23,F
2582,51,F
2583,35,F
2584,33,F
2585,38,M
2586,39,F
2587,21,F
2588,41,M
2589,27,M
2590,42,F
2591,47,F
2592,46,F
2593,37,F
2594,35,M
2595,23,F
2596,45,F
2597,28,F
2598,35,M
2599,28,M
2600,23,F
2601,39,M
2602,20,F
2603,44,M
2604,29,F
2605,18,M
2606,35,F
2607,20,F
2608,28,M
2609,42,F
2610,20,F
2611,48,F
2612,18,F
2613,27,F
2614,43,M
2615,29,M
2616,22,F
2617,30,F
2618,28,F
2619,48,F
2620,29,M
2621,46,F
2622,52,M
2623,33,F
2624,53,M
2625,31,F
2626,60,F
2627,21,M
2628,41,F
2629,35,F
2630,31,M
2631,39,F
2632,42,F
2633,18,F
2634,24,F
2635,42,F
2636,40,F
2637,60,F
2638,44,M
2639,58,F
2640,42,F
2641,29,F
2642,22,F
2643,45,F
2644,40,M
2645,20,F
2646,30,M
2647,59,M
2648,35,M
2649,33,M
2650,33,M
2651,26,M
2652,31,F
2653,31,F
2654,20,M
2655,45,F
2656,32,F
2657,47,F
2658,49,M
2659,26,M
2660,40,M
2661,34,M
2662,51,M
2663,26,F
2664,41,M
2665,38,M
2666,28,F
2667,23,F
2668,40,M
2669,43,M
2670,29,F
2671,40,M
2672,32,F
2673,42,M
2674,25,M
2675,52,M
2676,28,M
2677,31,F
2678,20,M
2679,22,M
2680,35,F
2681,28,M
2682,48,F
2683,18,M
2684,31,F
2685,30,M
2686,18,M
2687,23,M
2688,32,M
2689,35,F
2690,32,F
2691,36,F
2692,38,M
2693,18,M
2694,34,F
2695,60,M
2696,35,F
2697,41,M
2698,29,F
2699,45,M
2700,45,M
2701,36,M
2702,62,F
2703,23,M
2704,18,F
2705,45,M
2706,46,M
2707,23,F
2708,27,F
2709,18,F
2710,28,F
2711,45,M
2712,35,F
2713,30,F
2714,31,M
2715,18,M
2716,29,F
2717,40,F
2718,62,M
2719,49,F
2720,19,M
2721,52,F
2722,45,F
2723,45,M
2724,33,F
2725,32,F
2726,29,F
2727,20,M
2728,26,M
2729,27,M
2730,34,F
2731,44,M
2732,34,F
2733,20,F
2734,59,M
2735,57,F
2736,45,M
2737,68,F
2738,36,F
2739,60,M
2740,21,F
2741,31,M
2742,26,F
2743,25,M
2744,23,M
2745,39,F
2746,45,F
2747,37,M
2748,23,F
2749,47,M
2750,39,M
2751,31,F
2752,41,M
2753,27,M
2754,30,M
2755,54,F
2756,28,F
2757,34,M
2758,52,M
2759,42,F
2760,20,M
2761,23,F
2762,18,F
2763,39,M
2764,33,M
2765,23,M
2766,59,M
2767,36,M
2768,27,F
2769,35,F
2770,41,F
2771,21,F
2772,28,M
2773,46,M
2774,34,M
2775,36,F
2776,33,F
2777,19,F
2778,24,F
2779,33,M
2780,26,F
2781,20,F
2782,48,M
2783,64,M
2784,46,M
2785,49,M
2786,27,M
2787,59,M
2788,25,M
2789,58,M
2790,71,F
2791,42,F
2792,64,M
2793,37,M
2794,27,M
2795,33,F
2796,38,F
2797,21,M
2798,39,F
2799,64,F
2800,25,F
2801,46,M
2802,53,M
2803,57,F
2804,59,F
2805,36,F
2806,63,F
2807,44,F
2808,24,M
2809,34,M
2810,42,F
2811,27,M
2812,40,M
2813,40,F
2814,24,F
2815,37,M
2816,45,F
2817,35,F
2818,18,F
2819,18,F
2820,30,M
2821,55,F
2822,26,M
2823,39,M
2824,26,M
2825,29,F
2826,49,M
2827,43,F
2828,22,F
2829,33,M
2830,19,F
2831,34,F
2832,40,M
2833,22,M
2834,28,M
2835,32,M
2836,54,F
2837,70,F
2838,20,F
2839,44,F
2840,31,M
2841,31,M
2842,44,F
2843,54,F
2844,58,F
2845,37,M
2846,30,M
2847,46,F
2848,27,F
2849,37,F
2850,30,M
2851,40,F
2852,27,M
2853,25,M
2854,54,F
2855,22,M
2856,35,F
2857,26,F
2858,19,M
2859,19,M
2860,24,F
2861,50,M
2862,28,F
2863,58,M
2864,37,M
2865,33,F
2866,37,F
2867,35,F
2868,44,M
2869,28,M
2870,30,M
2871,52,F
2872,57,M
2873,52,F
2874,32,F
2875,45,M
2876,34,M
2877,35,F
2878,25,M
2879,38,M
2880,25,F
2881,30,M
2882,49,F
2883,26,M
2884,21,F
2885,21,M
2886,56,M
2887,35,M
2888,32,F
2889,47,F
2890,48,F
2891,30,M
2892,41,F
2893,45,M
2894,40,M
2895,24,F
2896,51,M
2897,36,M
2898,28,M
2899,32,M
2900,19,F
2901,23,F
2902,44,M
2903,18,M
2904,32,F
2905,36,M
2906,20,M
2907,62,M
2908,26,M
2909,29,M
2910,29,M
2911,26,M
2912,18,F
2913,43,F
2914,60,M
2915,26,M
2916,40,M
2917,43,M
2918,49,F
2919,32,M
2920,29,M
2921,29,F
2922,42,M
2923,47,F
2924,25,M
2925,31,F
2926,52,M
2927,46,F
2928,65,F
2929,44,F
2930,31,M
2931,38,M
2932,40,M
2933,21,M
2934,36,F
2935,42,M
2936,24,M
2937,45,F
2938,38,F
2939,58,M
2940,19,F
2941,27,F
2942,38,M
2943,28,M
2944,42,F
2945,44,F
2946,22,F
2947,35,M
2948,35,M
2949,31,M
2950,55,M
2951,48,F
2952,42,M
2953,42,M
2954,34,F
2955,54,M
2956,42,M
2957,43,F
2958,50,F
2959,28,F
2960,46,M
2961,25,M
2962,30,M
2963,30,F
2964,63,F
2965,49,F
2966,42,M
2967,43,M
2968,37,M
2969,57,F
2970,35,F
2971,31,F
2972,24,M
2973,45,M
2974,43,F
2975,31,F
2976,19,M
2977,48,M
2978,18,M
2979,42,M
2980,61,F
2981,33,M
2982,26,M
2983,42,F
2984,47,M
2985,36,M
2986,60,F
2987,20,F
2988,35,M
2989,42,F
2990,50,M
2991,25,F
2992,46,F
2993,37,M
2994,32,F
2995,23,F
2996,50,F
2997,24,M
2998,29,M
2999,28,M
3000,50,M
3001,41,F
3002,46,M
3003,27,F
3004,39,M
3005,37,F
3006,48,M
3007,53,M
3008,18,F
3009,41,M
3010,20,M
3011,36,F
3012,28,F
3013,29,F
3014,30,M
3015,39,F
3016,30,M
3017,43,M
3018,32,F
3019,21,M
3020,45,M
3021,28,F
3022,33,M
3023,41,F
3024,30,F
3025,20,F
3026,31,F
3027,57,M
3028,40,F
3029,41,F
3030,39,M
3031,25,M
3032,32,M
3033,44,F
3034,22,M
3035,28,M
3036,28,M
3037,33,F
3038,64,F
3039,20,M
3040,35,F
3041,25,M
3042,61,F
3043,22,M
3044,32,F
3045,43,M
3046,42,F
3047,32,M
3048,30,M
3049,32,F
3050,27,F
3051,26,M
3052,34,F
3053,28,M
3054,28,F
3055,40,F
3056,61,F
3057,38,F
3058,21,F
3059,21,M
3060,58,M
3061,28,F
3062,21,F
3063,38,F
3064,39,M
3065,40,M
3066,28,F
3067,18,M
3068,60,F
3069,27,F
3070,41,F
3071,42,F
3072,38,M
3073,29,M
3074,28,M
3075,38,M
3076,50,F
3077,57,M
3078,22,M
3079,24,M
3080,57,F
3081,43,M
3082,51,M
3083,25,F
3084,38,F
3085,42,M
3086,41,F
3087,32,M
3088,18,M
3089,38,F
3090,27,F
3091,33,M
3092,59,M
3093,32,M
3094,48,F
3095,25,M
3096,41,F
3097,63,M
3098,22,M
3099,18,M
3100,33,F
3101,21,M
3102,44,M
3103,54,M
3104,33,F
3105,27,M
3106,33,M
3107,43,F
3108,18,M
3109,38,M
3110,39,M
3111,39,M
3112,27,F
3113,42,F
3114,21,F
3115,25,M
3116,51,M
3117,43,F
3118,18,M
3119,27,M
3120,26,F
3121,28,M
3122,27,M
3123,20,F
3124,34,M
3125,43,F
3126,38,F
3127,41,M
3128,21,F
3129,58,M
3130,48,M
3131,46,F
3132,47,M
3133,55,F
3134,36,F
3135,25,F
3136,39,M
3137,43,F
3138,43,F
3139,36,F
3140,21,M
3141,31,M
3142,54,F
3143,38,M
3144,36,M
3145,28,F
3146,31,F
3147,52,F
3148,40,F
3149,45,F
3150,33,M
3151,39,M
3152,27,F
3153,42,M
3154,33,M
3155,33,M
3156,40,F
3157,56,F
3158,20,F
3159,47,M
3160,28,M
3161,33,F
3162,19,M
3163,29,M
3164,35,F
3165,20,F
3166,35,F
3167,55,F
3168,22,M
3169,44,F
3170,32,F
3171,40,F
3172,27,M
3173,24,F
3174,24,M
3175,21,F
3176,25,M
3177,40,M
3178,51,M
3179,47,F
3180,41,M
3181,22,F
3182,28,F
3183,29,F
3184,27,F
3185,35,F
3186,36,F
3187,30,F
3188,30,F
3189,48,M
3190,46,M
3191,29,F
3192,54,M
3193,58,F
3194,29,F
3195,30,M
3196,35,F
3197,56,M
3198,51,M
3199,22,M
3200,31,F
3201,37,M
3202,35,F
3203,25,M
3204,49,M
3205,41,F
3206,48,M
3207,49,F
3208,44,M
3209,33,M
3210,38,M
3211,24,F
3212,41,F
3213,25,M
3214,42,F
3215,26,F
3216,22,F
3217,24,M
3218,18,M
3219,42,F
3220,43,F
3221,35,F
3222,24,M
3223,21,F
3224,18,F
3225,24,M
3226,52,F
3227,27,F
3228,30,M
3229,22,M
3230,26,F
3231,35,F
3232,38,F
3233,27,M
3234,20,M
3235,31,F
3236,26,F
3237,26,F
3238,59,M
3239,39,M
3240,37,F
3241,32,F
3242,33,M
3243,36,M
3244,42,F
3245,42,M
3246,24,M
3247,35,M
3248,32,F
3249,50,F
3250,39,M
3251,36,M
3252,22,F
3253,38,M
3254,22,F
3255,30,M
3256,23,M
3257,41,M
3258,26,F
3259,31,M
3260,52,M
3261,25,F
3262,35,M
3263,32,M
3264,18,F
3265,46,M
3266,21,F
3267,34,M
3268,37,F
3269,39,M
3270,41,F
3271,27,F
3272,18,M
3273,43,M
3274,36,F
3275,48,M
3276,47,F
3277,48,F
3278,34,M
3279,30,M
3280,46,M
3281,33,F
3282,25,M
3283,49,M
3284,51,M
3285,34,M
3286,21,M
3287,31,M
3288,46,F
3289,52,M
3290,25,F
3291,20,F
3292,51,M
3293,31,F
3294,36,M
3295,61,F
3296,20,F
3297,40,M
3298,21,F
3299,31,F
3300,46,F
3301,33,M
3302,74,M
3303,37,M
3304,29,F
3305,26,M
3306,30,F
3307,31,F
3308,21,F
3309,31,M
3310,34,F
3311,43,M
3312,40,M
3313,42,F
3314,18,F
3315,26,F
3316,40,M
3317,34,M
3318,18,F
3319,46,F
3320,45,F
3321,36,M
3322,20,F
3323,45,M
3324,38,F
3325,45,M
3326,44,M
3327,46,F
3328,35,M
3329,23,F
3330,41,F
3331,39,F
3332,43,M
3333,24,M
3334,25,M
3335,52,M
3336,44,M
3337,53,M
3338,44,M
3339,38,F
3340,40,M
3341,51,F
3342,37,F
3343,39,F
3344,24,F
3345,34,M
3346,42,M
3347,28,M
3348,25,M
3349,29,F
3350,27,F
3351,26,M
3352,32,F
3353,53,F
3354,35,M
3355,25,M
3356,21,M
3357,42,F
3358,31,F
3359,47,M
3360,40,F
3361,46,M
3362,28,F
3363,41,M
3364,27,M
3365,56,M
3366,39,M
3367,29,F
3368,28,M
3369,25,M
3370,42,F
3371,26,F
3372,38,M
3373,27,F
3374,40,M
3375,47,M
3376,45,F
3377,44,M
3378,25,M
3379,21,M
3380,42,M
3381,31,F
3382,33,F
3383,19,F
3384,27,F
3385,19,M
3386,51,F
3387,27,M
3388,37,M
3389,19,F
3390,40,F
3391,29,F
3392,52,M
3393,51,F
3394,29,F
3395,52,M
3396,72,F
3397,47,F
3398,49,M
3399,27,F
3400,37,F
3401,20,M
3402,22,M
3403,78,M
3404,29,M
3405,44,M
3406,46,M
3407,49,F
3408,75,M
3409,27,M
3410,19,M
3411,32,M
3412,23,F
3413,19,F
3414,30,F
3415,45,M
3416,37,M
3417,29,M
3418,40,F
3419,26,M
3420,18,M
3421,44,F
3422,39,M
3423,44,F
3424,19,F
3425,48,M
3426,39,M
3427,37,F
3428,39,M
3429,50,F
3430,38,M
3431,37,F
3432,68,M
3433,44,M
3434,33,F
3435,42,F
3436,31,F
3437,26,F
3438,38,M
3439,55,F
3440,55,M
3441,30,M
3442,36,F
3443,26,M
3444,72,M
3445,64,M
3446,40,F
3447,46,F
3448,42,F
3449,38,M
3450,20,F
3451,33,M
3452,41,F
3453,41,F
3454,31,M
3455,56,M
3456,24,F
3457,35,F
3458,41,F
3459,42,M
3460,40,F
3461,28,F
3462,24,F
3463,39,F
3464,38,M
3465,25,F
3466,42,M
3467,33,M
3468,41,M
3469,48,F
3470,24,F
3471,18,F
3472,45,F
3473,38,F
3474,42,F
3475,48,F
3476,46,M
3477,59,M
3478,36,F
3479,34,M
3480,32,M
3481,24,F
3482,37,M
3483,28,M
3484,54,M
3485,38,F
3486,38,M
3487,30,M
3488,20,M
3489,19,M
3490,32,M
3491,21,M
3492,38,F
3493,51,M
3494,51,F
3495,40,M
3496,26,F
3497,50,M
3498,51,F
3499,25,F
3500,43,F
3501,28,M
3502,46,F
3503,74,M
3504,19,F
3505,52,M
3506,39,M
3507,62,M
3508,34,F
3509,49,M
3510,20,F
3511,30,M
3512,20,F
3513,62,F
3514,47,F
3515,49,M
3516,56,F
3517,21,F
3518,31,F
3519,21,F
3520,26,M
3521,26,M
3522,34,M
3523,28,M
3524,22,F
3525,24,F
3526,23,M
3527,62,F
3528,44,M
3529,61,F
3530,33,F
3531,28,F
3532,46,F
3533,29,F
3534,29,M
3535,26,M
3536,23,F
3537,27,F
3538,30,F
3539,41,M
3540,20,M
3541,26,M
3542,47,M
3543,23,F
3544,30,M
3545,50,M
3546,24,M
3547,21,M
3548,34,M
3549,29,M
3550,37,F
3551,46,F
3552,23,F
3553,37,M
3554,35,F
3555,23,M
3556,39,M
3557,28,M
3558,34,M
3559,21,F
3560,34,M
3561,29,F
3562,47,M
3563,20,M
3564,32,M
3565,34,F
3566,43,M
3567,37,F
3568,40,F
3569,45,F
3570,50,M
3571,29,F
3572,36,F
3573,48,M
3574,67,M
3575,52,M
3576,31,M
3577,25,M
3578,34,M
3579,43,M
3580,35,F
3581,34,F
3582,48,F
3583,30,M
3584,49,F
3585,32,M
3586,29,M
3587,33,M
3588,44,M
3589,23,M
3590,25,M
3591,58,F
3592,24,F
3593,37,M
3594,37,F
3595,34,F
3596,40,F
3597,26,F
3598,37,M
3599,31,F
3600,40,M
3601,23,F
3602,37,F
3603,25,M
3604,28,M
3605,26,M
3606,25,M
3607,47,M
3608,28,F
3609,55,F
3610,61,M
3611,37,F
3612,23,M
3613,31,F
3614,46,M
3615,31,M
3616,21,F
3617,37,M
3618,49,F
3619,46,F
3620,24,M
3621,41,M
3622,26,F
3623,26,M
3624,50,M
3625,27,M
3626,27,F
3627,18,F
3628,50,F
3629,46,F
3630,39,F
3631,44,F
3632,24,M
3633,34,M
3634,30,F
3635,22,F
3636,34,M
3637,54,M
3638,19,F
3639,28,F
3640,26,F
3641,27,M
3642,53,F
3643,34,F
3644,34,M
3645,44,M
3646,24,M
3647,34,M
3648,33,F
3649,38,M
3650,82,M
3651,45,M
3652,32,F
3653,48,F
3654,24,F
3655,19,F
3656,25,F
3657,30,M
3658,35,M
3659,39,M
3660,53,M
3661,35,F
3662,35,F
3663,20,F
3664,19,M
3665,36,M
3666,33,M
3667,48,M
3668,24,F
3669,19,F
3670,33,F
3671,27,F
3672,20,F
3673,43,F
3674,22,M
3675,38,M
3676,28,F
3677,24,F
3678,31,M
3679,46,M
3680,31,F
3681,44,M
3682,23,M
3683,45,M
3684,27,F
3685,41,M
3686,37,M
3687,55,F
3688,31,M
3689,20,F
3690,18,M
3691,48,M
3692,36,M
3693,45,M
3694,26,M
3695,30,M
3696,19,F
3697,59,M
3698,41,F
3699,55,M
3700,27,M
3701,38,M
3702,41,F
3703,29,M
3704,49,F
3705,57,M
3706,51,F
3707,43,F
3708,28,F
3709,28,F
3710,60,F
3711,18,M
3712,42,F
3713,42,M
3714,39,M
3715,68,F
3716,29,M
3717,30,F
3718,21,M
3719,33,F
3720,27,F
3721,30,M
3722,48,F
3723,56,F
3724,25,M
3725,31,M
3726,55,F
3727,20,M
3728,21,F
3729,24,M
3730,38,M
3731,24,F
3732,61,F
3733,33,F
3734,35,M
3735,27,F
3736,34,F
3737,40,M
3738,44,M
3739,44,M
3740,37,M
3741,53,F
3742,47,M
3743,44,F
3744,20,F
3745,18,M
3746,26,F
3747,40,M
3748,32,F
3749,32,F
3750,51,F
3751,52,F
3752,53,F
3753,29,F
3754,41,M
3755,28,M
3756,25,F
3757,25,M
3758,30,F
3759,33,F
3760,48,M
3761,22,M
3762,43,M
3763,36,M
3764,28,M
3765,35,F
3766,29,M
3767,38,M
3768,33,F
3769,24,M
3770,22,M
3771,36,M
3772,53,F
3773,30,M
3774,43,F
3775,40,F
3776,55,F
3777,47,F
3778,37,M
3779,40,M
3780,52,M
3781,32,M
3782,29,M
3783,18,M
3784,48,F
3785,46,M
3786,22,F
3787,37,M
3788,34,F
3789,22,F
3790,64,F
3791,26,F
3792,20,F
3793,38,M
3794,43,F
3795,19,M
3796,40,M
3797,36,M
3798,22,M
3799,24,F
3800,37,M
3801,28,F
3802,56,F
3803,47,M
3804,65,F
3805,27,F
3806,61,M
3807,33,F
3808,30,F
3809,20,F
3810,20,F
3811,41,F
3812,33,M
3813,26,F
3814,39,M
3815,27,F
3816,37,F
3817,30,F
3818,47,F
3819,47,M
3820,34,F
3821,30,F
3822,31,F
3823,46,F
3824,29,F
3825,26,F
3826,21,M
3827,34,M
3828,34,F
3829,48,F
3830,26,M
3831,31,F
3832,47,M
3833,47,F
3834,31,M
3835,34,M
3836,29,M
3837,55,F
3838,22,M
3839,56,F
3840,41,F
3841,36,M
3842,19,M
3843,34,M
3844,32,F
3845,24,F
3846,40,F
3847,61,M
3848,37,F
3849,42,F
3850,21,M
3851,32,M
3852,22,M
3853,39,M
3854,56,F
3855,40,M
3856,21,M
3857,30,F
3858,36,M
3859,32,F
3860,48,M
3861,47,F
3862,39,M
3863,31,M
3864,27,F
3865,22,F
3866,30,F
3867,32,F
3868,41,M
3869,40,M
3870,21,F
3871,32,M
3872,25,M
3873,24,M
3874,48,M
3875,19,F
3876,32,F
3877,24,M
3878,51,M
3879,37,F
3880,26,M
3881,35,M
3882,43,F
3883,59,M
3884,26,F
3885,51,F
3886,56,F
3887,54,M
3888,39,M
3889,39,F
3890,32,F
3891,44,F
3892,36,F
3893,41,M
3894,33,F
3895,43,M
3896,47,M
3897,23,F
3898,48,F
3899,36,M
3900,49,F
3901,33,M
3902,31,M
3903,54,F
3904,27,M
3905,49,M
3906,34,F
3907,35,M
3908,29,F
3909,37,M
3910,29,M
3911,19,F
3912,28,M
3913,18,M
3914,63,M
3915,60,M
3916,32,F
3917,43,F
3918,30,M
3919,41,M
3920,46,M
3921,57,M
3922,32,M
3923,45,F
3924,27,M
3925,68,M
3926,19,M
3927,38,M
3928,40,F
3929,41,F
3930,23,F
3931,56,M
3932,25,F
3933,39,F
3934,26,F
3935,29,M
3936,36,F
3937,32,M
3938,24,M
3939,24,M
3940,32,F
3941,44,F
3942,52,M
3943,21,F
3944,31,M
3945,22,F
3946,18,F
3947,40,F
3948,38,F
3949,24,M
3950,26,F
3951,19,M
3952,48,M
3953,62,M
3954,23,M
3955,26,M
3956,50,M
3957,55,M
3958,32,F
3959,20,M
3960,19,F
3961,37,M
3962,31,M
3963,19,F
3964,38,M
3965,18,M
3966,45,M
3967,29,M
3968,19,F
3969,38,F
3970,32,M
3971,62,M
3972,36,F
3973,28,F
3974,42,M
3975,28,F
3976,53,F
3977,31,F
3978,36,M
3979,20,F
3980,33,M
3981,48,F
3982,46,M
3983,26,M
3984,26,F
3985,47,M
3986,55,M
3987,22,M
3988,33,M
3989,30,F
3990,50,M
3991,21,F
3992,26,F
3993,44,F
3994,20,F
3995,35,F
3996,33,M
3997,30,F
3998,32,F
3999,36,M
4000,24,M
4001,37,F
4002,46,F
4003,44,F
4004,24,F
4005,24,F
4006,28,F
4007,30,F
4008,32,M
4009,41,M
4010,20,F
4011,19,M
4012,31,M
4013,42,F
4014,25,F
4015,40,F
4016,27,F
4017,51,M
4018,52,M
4019,28,F
4020,26,F
4021,32,M
4022,27,F
4023,41,F
4024,47,F
4025,41,M
4026,47,M
4027,32,M
4028,24,F
4029,43,F
4030,30,F
4031,41,M
4032,28,M
4033,21,M
4034,69,F
4035,24,M
4036,67,F
4037,63,F
4038,46,M
4039,40,F
4040,37,F
4041,50,F
4042,28,M
4043,34,F
4044,39,F
4045,32,F
4046,33,F
4047,30,M
4048,37,F
4049,49,M
4050,25,M
4051,56,F
4052,41,M
4053,47,F
4054,37,F
4055,45,M
4056,18,F
4057,47,M
4058,19,M
4059,52,F
4060,69,M
4061,28,M
4062,26,M
4063,44,M
4064,27,F
4065,50,F
4066,22,M
4067,23,M
4068,63,F
4069,41,F
4070,49,F
4071,29,M
4072,41,M
4073,38,M
4074,38,F
4075,41,F
4076,37,M
4077,33,F
4078,28,F
4079,45,F
4080,26,M
4081,41,M
4082,26,M
4083,39,M
4084,44,M
4085,26,M
4086,20,M
4087,23,F
4088,38,M
4089,49,M
4090,20,M
4091,43,F
4092,30,M
4093,34,F
4094,55,F
4095,30,F
4096,34,M
4097,18,F
4098,21,F
4099,27,M
4100,19,F
4101,39,M
4102,33,M
4103,36,F
4104,24,F
4105,28,M
4106,40,M
4107,60,F
4108,20,M
4109,52,F
4110,37,M
4111,37,F
4112,35,F
4113,21,F
4114,21,F
4115,38,F
4116,30,M
4117,54,F
4118,32,F
4119,23,M
4120,42,M
4121,28,F
4122,36,F
4123,42,F
4124,52,F
4125,46,M
4126,41,F
4127,41,M
4128,57,F
4129,28,M
4130,18,F
4131,28,M
4132,26,F
4133,40,M
4134,39,F
4135,38,M
4136,18,M
4137,43,F
4138,29,F
4139,40,M
4140,37,M
4141,30,M
4142,23,F
4143,22,M
4144,48,M
4145,54,M
4146,40,F
4147,22,F
4148,32,M
4149,43,F
4150,45,F
4151,22,F
4152,18,F
4153,42,M
4154,30,M
4155,27,M
4156,18,F
4157,36,F
4158,49,M
4159,59,F
4160,37,F
4161,35,F
4162,21,M
4163,36,F
4164,31,M
4165,38,F
4166,31,F
4167,27,F
4168,22,M
4169,29,F
4170,22,F
4171,25,F
4172,66,F
4173,33,F
4174,36,F
4175,50,M
4176,72,M
4177,38,M
4178,47,M
4179,29,M
4180,29,F
4181,32,M
4182,41,M
4183,41,M
4184,29,M
4185,23,M
4186,39,F
4187,23,M
4188,37,F
4189,41,M
4190,42,F
4191,44,M
4192,50,F
4193,35,F
4194,43,M
4195,39,F
4196,25,F
4197,19,F
4198,28,F
4199,33,F
4200,39,M
4201,49,F
4202,25,F
4203,23,F
4204,60,F
4205,22,M
4206,34,F
4207,38,M
4208,36,F
4209,21,M
4210,20,F
4211,22,M
4212,38,F
4213,36,F
4214,26,F
4215,39,F
4216,47,M
4217,19,F
4218,35,F
4219,41,F
4220,27,M
4221,29,M
4222,39,F
4223,52,F
4224,47,M
4225,38,F
4226,43,M
4227,31,F
4228,40,F
4229,34,F
4230,25,F
4231,42,F
4232,37,M
4233,30,F
4234,53,M
4235,18,M
4236,29,M
4237,20,F
4238,45,F
4239,42,M
4240,30,M
4241,41,F
4242,32,F
4243,44,M
4244,33,M
4245,32,F
4246,56,F
4247,27,F
4248,23,F
4249,38,F
4250,61,M
4251,31,F
4252,20,F
4253,30,M
4254,35,F
4255,24,F
4256,40,F
4257,75,M
4258,33,F
4259,30,M
4260,32,F
4261,22,F
4262,51,M
4263,32,M
4264,31,F
4265,40,F
4266,33,F
4267,40,F
4268,20,M
4269,47,F
4270,56,F
4271,40,F
4272,58,M
4273,24,F
4274,34,M
4275,38,F
4276,37,M
4277,32,F
4278,30,M
4279,23,F
4280,31,M
4281,24,M
4282,43,F
4283,26,M
4284,20,F
4285,37,M
4286,38,F
4287,50,M
4288,37,M
4289,30,F
4290,46,M
4291,36,M
4292,21,M
4293,37,M
4294,53,M
4295,32,M
4296,28,M
4297,23,M
4298,24,F
4299,33,F
4300,38,M
4301,21,F
4302,56,M
4303,44,F
4304,38,M
4305,48,M
4306,21,M
4307,34,F
4308,39,M
4309,48,M
4310,45,F
4311,28,F
4312,56,F
4313,23,M
4314,50,F
4315,61,F
4316,25,M
4317,43,F
4318,19,M
4319,32,F
4320,35,M
4321,37,F
4322,56,F
4323,41,M
4324,34,M
4325,47,F
4326,58,F
4327,19,F
4328,64,M
4329,21,M
4330,47,M
4331,28,F
4332,23,F
4333,33,F
4334,40,M
4335,31,F
4336,20,F
4337,38,F
4338,53,F
4339,31,F
4340,26,F
4341,33,M
4342,20,F
4343,47,M
4344,47,F
4345,38,M
4346,30,F
4347,46,M
4348,37,F
4349,47,F
4350,39,F
4351,45,F
4352,38,M
4353,32,F
4354,59,F
4355,36,M
4356,38,M
4357,26,F
4358,39,F
4359,37,M
4360,25,F
4361,20,F
4362,38,M
4363,44,F
4364,36,F
4365,26,F
4366,40,M
4367,21,M
4368,33,F
4369,24,F
4370,25,M
4371,25,F
4372,31,F
4373,20,F
4374,32,M
4375,35,M
4376,34,M
4377,31,M
4378,48,F
4379,23,F
4380,35,F
4381,20,F
4382,21,F
4383,37,F
4384,37,F
4385,51,M
4386,37,M
4387,59,F
4388,20,M
4389,22,M
4390,19,M
4391,25,M
4392,36,M
4393,40,F
4394,20,F
4395,57,M
4396,48,M
4397,28,M
4398,21,M
4399,24,M
4400,23,F
4401,23,M
4402,35,F
4403,27,F
4404,30,M
4405,67,M
4406,41,F
4407,57,M
4408,23,F
4409,31,M
4410,37,M
4411,21,F
4412,18,F
4413,41,F
4414,40,M
4415,32,M
4416,34,F
4417,32,M
4418,19,M
4419,30,M
4420,25,F
4421,22,M
4422,59,F
4423,38,M
4424,43,M
4425,29,M
4426,31,F
4427,27,F
4428,22,F
4429,25,F
4430,46,M
4431,41,M
4432,36,M
4433,34,M
4434,54,M
4435,21,M
4436,28,F
4437,30,M
4438,45,F
4439,69,F
4440,27,M
4441,50,M
4442,48,M
4443,26,M
4444,32,F
4445,32,M
4446,63,F
4447,25,F
4448,46,F
4449,30,F
4450,43,M
4451,32,F
4452,37,M
4453,48,M
4454,46,F
4455,50,F
4456,20,M
4457,41,M
4458,23,F
4459,32,F
4460,36,M
4461,32,F
4462,35,M
4463,73,F
4464,23,F
4465,41,M
4466,32,F
4467,23,F
4468,24,F
4469,57,M
4470,51,M
4471,53,M
4472,68,F
4473,26,M
4474,30,M
4475,41,M
4476,34,M
4477,32,M
4478,30,F
4479,38,F
4480,37,F
4481,24,F
4482,34,F
4483,37,F
4484,37,M
4485,26,M
4486,43,M
4487,19,M
4488,30,M
4489,45,M
4490,37,M
4491,27,M
4492,42,M
4493,37,M
4494,46,F
4495,43,F
4496,38,F
4497,34,F
4498,23,F
4499,27,F
4500,32,F
4501,38,M
4502,35,M
4503,28,F
4504,18,F
4505,35,M
4506,28,F
4507,43,F
4508,19,F
4509,38,M
4510,56,F
4511,24,F
4512,34,F
4513,21,F
4514,39,F
4515,36,M
4516,32,M
4517,36,F
4518,52,M
4519,25,F
4520,19,M
4521,50,F
4522,37,M
4523,52,F
4524,38,F
4525,47,F
4526,33,F
4527,44,F
4528,53,F
4529,37,F
4530,25,F
4531,28,M
4532,25,F
4533,27,M
4534,29,M
4535,37,F
4536,38,F
4537,33,M
4538,39,F
4539,21,F
4540,21,M
4541,24,M
4542,35,F
4543,26,M
4544,28,M
4545,32,M
4546,47,M
4547,18,F
4548,40,F
4549,41,F
4550,46,M
4551,55,M
4552,18,F
4553,24,M
4554,51,M
4555,34,M
4556,37,F
4557,40,F
4558,41,M
4559,55,F
4560,74,F
4561,43,F
4562,28,M
4563,51,F
4564,20,M
4565,26,M
4566,52,F
4567,27,M
4568,26,M
4569,23,M
4570,49,F
4571,35,F
4572,41,M
4573,27,M
4574,44,M
4575,44,F
4576,29,F
4577,32,M
4578,26,M
4579,63,F
4580,40,F
4581,56,F
4582,29,F
4583,45,M
4584,44,M
4585,41,M
4586,60,M
4587,31,M
4588,23,F
4589,41,M
4590,43,F
4591,37,F
4592,26,M
4593,35,F
4594,29,F
4595,33,M
4596,40,F
4597,44,F
4598,26,F
4599,32,F
4600,28,M
4601,25,F
4602,45,M
4603,53,F
4604,31,M
4605,44,M
4606,52,F
4607,49,M
4608,25,M
4609,58,M
4610,31,M
4611,30,M
4612,20,M
4613,34,M
4614,22,M
4615,27,F
4616,29,M
4617,47,F
4618,50,M
4619,29,F
4620,49,F
4621,49,M
4622,44,F
4623,23,M
4624,41,F
4625,57,F
4626,41,M
4627,30,F
4628,35,F
4629,40,M
4630,35,F
4631,22,F
4632,29,F
4633,46,M
4634,50,F
4635,23,F
4636,58,M
4637,29,F
4638,40,M
4639,44,M
4640,47,M
4641,57,F
4642,29,F
4643,49,M
4644,23,M
4645,42,M
4646,43,M
4647,41,F
4648,27,M
4649,50,M
4650,24,M
4651,20,F
4652,42,F
4653,34,M
4654,49,F
4655,31,F
4656,24,M
4657,48,F
4658,36,M
4659,25,M
4660,43,F
4661,35,F
4662,38,F
4663,34,F
4664,48,F
4665,48,F
4666,42,F
4667,22,M
4668,48,M
4669,41,M
4670,42,M
4671,31,F
4672,51,M
4673,43,M
4674,22,F
4675,32,M
4676,51,F
4677,20,F
4678,59,M
4679,41,M
4680,39,M
4681,28,M
4682,27,F
4683,57,M
4684,29,F
4685,45,F
4686,31,M
4687,23,M
4688,18,F
4689,36,M
4690,62,M
4691,31,M
4692,30,M
4693,30,M
4694,35,F
4695,33,F
4696,51,M
4697,35,F
4698,35,F
4699,23,F
4700,64,M
4701,27,M
4702,21,M
4703,40,M
4704,38,M
4705,32,F
4706,32,M
4707,45,F
4708,25,F
4709,47,F
4710,40,F
4711,32,F
4712,34,M
4713,27,M
4714,44,F
4715,35,F
4716,29,F
4717,38,M
4718,72,F
4719,33,F
4720,54,M
4721,30,M
4722,20,F
4723,25,M
4724,32,M
4725,26,M
4726,18,M
4727,54,F
4728,48,M
4729,43,M
4730,24,M
4731,23,M
4732,20,F
4733,43,M
4734,55,M
4735,33,F
4736,22,F
4737,35,F
4738,30,M
4739,31,F
4740,39,F
4741,42,F
4742,22,M
4743,19,M
4744,70,M
4745,26,F
4746,20,M
4747,25,F
4748,19,M
4749,31,F
4750,46,M
4751,30,M
4752,33,F
4753,41,M
4754,35,F
4755,50,M
4756,50,F
4757,18,F
4758,45,F
4759,34,F
4760,67,F
4761,34,M
4762,66,F
4763,44,M
4764,27,F
4765,36,M
4766,69,M
4767,49,F
4768,22,F
4769,42,F
4770,30,F
4771,18,F
4772,32,F
4773,26,F
4774,47,F
4775,30,F
4776,48,M
4777,18,M
4778,29,M
4779,27,M
4780,26,M
4781,20,F
4782,25,F
4783,37,M
4784,28,M
4785,32,M
4786,31,M
4787,51,M
4788,53,M
4789,35,M
4790,30,F
4791,22,F
4792,58,M
4793,20,M
4794,29,M
4795,29,M
4796,29,M
4797,24,M
4798,45,F
4799,23,F
4800,39,F
4801,23,M
4802,21,F
4803,53,M
4804,25,F
4805,47,M
4806,36,F
4807,21,M
4808,58,F
4809,27,F
4810,49,F
4811,24,F
4812,49,F
4813,18,M
4814,35,F
4815,45,F
4816,56,F
4817,53,M
4818,47,F
4819,51,M
4820,25,M
4821,28,M
4822,28,M
4823,31,M
4824,31,M
4825,36,M
4826,24,M
4827,41,F
4828,24,F
4829,29,F
4830,35,F
4831,46,M
4832,43,M
4833,40,F
4834,24,M
4835,36,F
4836,21,F
4837,31,F
4838,32,M
4839,19,F
4840,28,F
4841,58,F
4842,58,F
4843,30,M
4844,19,M
4845,25,F
4846,31,F
4847,57,M
4848,23,M
4849,44,F
4850,22,F
4851,64,M
4852,31,F
4853,45,F
4854,30,F
4855,39,M
4856,25,F
4857,23,M
4858,56,F
4859,54,F
4860,51,M
4861,39,M
4862,47,M
4863,21,F
4864,30,F
4865,29,F
4866,39,F
4867,30,F
4868,24,F
4869,38,F
4870,47,F
4871,31,F
4872,23,M
4873,25,M
4874,27,M
4875,29,F
4876,40,M
4877,38,F
4878,42,F
4879,31,M
4880,47,M
4881,25,M
4882,34,M
4883,46,M
4884,25,M
4885,22,M
4886,51,F
4887,30,F
4888,41,F
4889,19,M
4890,41,F
4891,29,M
4892,20,M
4893,38,M
4894,27,M
4895,31,M
4896,21,M
4897,23,M
4898,29,F
4899,21,F
4900,53,F
4901,18,F
4902,34,M
4903,23,M
4904,29,F
4905,55,F
4906,24,M
4907,60,M
4908,26,F
4909,43,M
4910,36,M
4911,51,F
4912,37,F
4913,36,F
4914,25,M
4915,24,F
4916,54,M
4917,29,F
4918,31,F
4919,44,M
4920,30,F
4921,58,M
4922,43,M
4923,38,M
4924,51,F
4925,20,F
4926,27,F
4927,34,M
4928,26,M
4929,44,M
4930,54,M
4931,32,F
4932,30,M
4933,59,M
4934,33,F
4935,34,F
4936,30,M
4937,53,M
4938,37,M
4939,44,M
4940,47,M
4941,30,M
4942,33,F
4943,49,F
4944,31,M
4945,46,F
4946,56,M
4947,39,F
4948,43,M
4949,46,M
4950,49,F
4951,32,F
4952,20,F
4953,32,F
4954,41,M
4955,33,F
4956,44,M
4957,30,M
4958,39,F
4959,25,F
4960,44,F
4961,36,F
4962,25,F
4963,28,F
4964,44,F
4965,34,F
4966,26,F
4967,60,M
4968,42,M
4969,59,M
4970,33,F
4971,34,M
4972,52,M
4973,36,M
4974,42,F
4975,27,F
4976,33,F
4977,23,F
4978,26,M
4979,18,F
4980,19,M
4981,63,M
4982,27,M
4983,40,F
4984,48,M
4985,36,M
4986,24,M
4987,43,M
4988,38,F
4989,43,F
4990,45,F
4991,62,F
4992,37,F
4993,30,M
4994,40,F
4995,21,M
4996,52,F
4997,22,M
4998,29,F
4999,47,F
5000,38,M
5001,31,M
5002,34,M
5003,49,F
5004,30,F
5005,50,F
5006,21,F
5007,45,M
5008,49,F
5009,25,M
5010,33,F
5011,24,M
5012,42,F
5013,36,M
5014,39,F
5015,25,M
5016,26,F
5017,19,M
5018,29,M
5019,37,F
5020,49,F
5021,40,F
5022,33,M
5023,58,M
5024,43,F
5025,55,F
5026,36,F
5027,27,F
5028,20,M
5029,43,F
5030,23,M
5031,29,M
5032,36,M
5033,37,F
5034,38,M
5035,24,F
5036,31,M
5037,39,M
5038,61,F
5039,43,M
5040,54,F
5041,44,M
5042,38,F
5043,25,F
5044,40,M
5045,39,F
5046,38,M
5047,34,F
5048,36,M
5049,30,F
5050,35,F
5051,25,F
5052,46,F
5053,25,F
5054,21,M
5055,33,F
5056,40,F
5057,33,F
5058,28,M
5059,37,M
5060,30,F
5061,55,F
5062,54,F
5063,35,F
5064,29,M
5065,43,M
5066,19,M
5067,34,F
5068,30,M
5069,54,M
5070,18,F
5071,37,F
5072,43,F
5073,34,M
5074,21,F
5075,62,F
5076,35,F
5077,39,F
5078,27,F
5079,34,F
5080,33,F
5081,21,F
5082,22,M
5083,48,F
5084,27,M
5085,25,F
5086,35,F
5087,45,F
5088,20,F
5089,37,F
5090,22,M
5091,19,M
5092,20,M
5093,48,M
5094,22,M
5095,20,M
5096,33,M
5097,48,F
5098,27,M
5099,32,F
5100,19,M
5101,33,F
5102,37,F
5103,37,M
5104,30,F
5105,29,M
5106,22,M
5107,31,M
5108,22,F
5109,45,M
5110,60,F
5111,61,M
5112,50,F
5113,38,M
5114,42,F
5115,28,F
5116,39,F
5117,33,F
5118,34,F
5119,44,M
5120,28,M
5121,29,F
5122,55,F
5123,20,F
5124,34,F
5125,53,F
5126,38,M
5127,36,M
5128,27,F
5129,30,M
5130,49,F
5131,37,F
5132,35,M
5133,22,F
5134,18,M
5135,60,M
5136,31,F
5137,38,M
5138,21,M
5139,41,F
5140,55,F
5141,37,F
5142,23,F
5143,37,M
5144,45,M
5145,32,F
5146,51,M
5147,40,M
5148,52,F
5149,39,M
5150,23,F
5151,29,M
5152,25,F
5153,53,M
5154,44,M
5155,41,F
5156,29,M
5157,25,F
5158,44,F
5159,34,M
5160,26,M
5161,39,M
5162,19,F
5163,29,F
5164,34,F
5165,24,F
5166,65,F
5167,26,F
5168,23,M
5169,25,F
5170,45,F
5171,32,F
5172,37,F
5173,18,M
5174,19,M
5175,33,M
5176,47,M
5177,51,M
5178,21,F
5179,36,F
5180,53,F
5181,31,M
5182,48,M
5183,23,M
5184,56,F
5185,44,F
5186,56,F
5187,41,M
5188,31,M
5189,56,M
5190,28,M
5191,30,M
5192,42,F
5193,44,F
5194,55,F
5195,25,F
5196,46,M
5197,43,F
5198,20,M
5199,31,F
5200,28,F
5201,29,M
5202,64,F
5203,40,M
5204,42,F
5205,63,M
5206,31,M
5207,46,F
5208,33,M
5209,50,M
5210,25,F
5211,57,F
5212,26,F
5213,29,F
5214,44,F
5215,32,F
5216,38,M
5217,33,M
5218,43,F
5219,26,F
5220,20,F
5221,29,F
5222,34,M
5223,24,M
5224,30,M
5225,32,F
5226,20,F
5227,38,M
5228,51,F
5229,24,M
5230,38,F
5231,40,F
5232,32,F
5233,42,M
5234,32,F
5235,35,F
5236,18,M
5237,41,M
5238,40,F
5239,19,M
5240,31,M
5241,63,F
5242,32,M
5243,35,F
5244,53,M
5245,42,F
5246,37,M
5247,46,M
5248,50,M
5249,33,M
5250,34,F
